Season,Time,Param_means,Param_vars,Param_sd
FALL,Day,291.9706298,550346.4859,741.8534127
FALL,Night,294.2912209,555468.5515,745.2976261
SPRING,Day,293.8484445,552514.2158,743.3129999
SPRING,Night,294.3729634,560698.4019,748.7979714
